{"cameraMode":{"drawMode":0,"name":"Shaded","section":"Shading Mode"},"sceneLighting":false,"audioPlay":false,"sceneViewState":{"m_AlwaysRefresh":false,"showFog":true,"showSkybox":false,"showFlares":true,"showImageEffects":true,"showParticleSystems":true,"showVisualEffectGraphs":true,"m_FxEnabled":true},"in2DMode":false,"pivot":{"x":-0.028319954872131349,"y":-0.007979154586791993,"z":5.849999904632568},"rotation":{"x":-0.24800589680671693,"y":0.658784806728363,"z":-0.2450421154499054,"w":-0.6667323112487793},"size":1.7895725965499879,"orthographic":false}