{"cameraMode":{"drawMode":0,"name":"Shaded","section":"Shading Mode"},"sceneLighting":false,"audioPlay":false,"sceneViewState":{"m_AlwaysRefresh":false,"showFog":true,"showSkybox":false,"showFlares":true,"showImageEffects":true,"showParticleSystems":true,"showVisualEffectGraphs":true,"m_FxEnabled":true},"in2DMode":false,"pivot":{"x":-0.8855575919151306,"y":-27.367273330688478,"z":44.483375549316409},"rotation":{"x":-0.35116398334503176,"y":0.003367224708199501,"z":-0.0012690291041508318,"w":-0.9363273978233337},"size":33.53493118286133,"orthographic":false}